model_name,lookahead_mode,hmm_alpha,n,gamma,delta_v,k_lookahead,target,trained_r2,random_r2,gap
sphere_polar_c08_n_down_gamma_up_d0p14_a0p95_m16_d128l4h2mlp512_700m_seed0_k2,half,0.95,5,0.7,0.14,2,belief,0.6836513564733924,0.3065926356501497,0.37705872082324265
sphere_polar_c01_base_d0p1_a0p95_m16_d128l4h2mlp512_700m_seed0_k5,half,0.95,10,0.35,0.1,5,belief,0.6304163820859946,0.2677613881255412,0.3626549939604534
sphere_polar_c06_n_down_gamma_up_d0p1_a0p85_m16_d128l4h2mlp512_700m_seed0_k6,n_plus_one,0.85,5,0.7,0.1,6,belief,0.6644853390224588,0.30301538149609686,0.3614699575263619
sphere_polar_c07_n_down_gamma_up_d0p12_a0p95_m16_d128l4h2mlp512_700m_seed0_k2,half,0.95,5,0.7,0.12,2,belief,0.6628552086615521,0.3143638408951773,0.3484913677663748
sphere_polar_c13_n_down_gamma_constant_d0p12_a0p85_m16_d128l4h2mlp512_700m_seed0_k6,n_plus_one,0.85,5,0.35,0.12,6,belief,0.5931095908724107,0.2604223178905337,0.33268727298187695
sphere_polar_c02_base_d0p14_a0p95_m16_d128l4h2mlp512_700m_seed0_k5,half,0.95,10,0.35,0.14,5,belief,0.5988848658539434,0.26685617172049075,0.33202869413345265
sphere_polar_c00_base_d0p12_a0p95_m16_d128l4h2mlp512_700m_seed0_k5,half,0.95,10,0.35,0.12,5,belief,0.6070958110314909,0.276631773679769,0.3304640373517219
sphere_polar_c08_n_down_gamma_up_d0p14_a0p85_m16_d128l4h2mlp512_700m_seed0_k2,half,0.85,5,0.7,0.14,2,belief,0.6047997248363877,0.2793646785894806,0.32543504624690706
sphere_polar_c06_n_down_gamma_up_d0p1_a0p95_m16_d128l4h2mlp512_700m_seed0_k2,half,0.95,5,0.7,0.1,2,belief,0.6388777417782655,0.324390691918764,0.3144870498595015
sphere_polar_c12_n_down_gamma_constant_d0p1_a0p85_m16_d128l4h2mlp512_700m_seed0_k6,n_plus_one,0.85,5,0.35,0.1,6,belief,0.5864613254588641,0.2725134996819766,0.3139478257768875
sphere_polar_c08_n_down_gamma_up_d0p14_a0p85_m16_d128l4h2mlp512_700m_seed0_k6,n_plus_one,0.85,5,0.7,0.14,6,belief,0.5788118605267988,0.2793646785894806,0.2994471819373182
sphere_polar_c07_n_down_gamma_up_d0p12_a0p95_m16_d128l4h2mlp512_700m_seed0_k1,fixed,0.95,5,0.7,0.12,1,belief,0.6124505783253597,0.3143638408951773,0.2980867374301823
sphere_polar_c07_n_down_gamma_up_d0p12_a0p85_m16_d128l4h2mlp512_700m_seed0_k6,n_plus_one,0.85,5,0.7,0.12,6,belief,0.5922664923081875,0.29429727261759114,0.29796921969059637
sphere_polar_c12_n_down_gamma_constant_d0p1_a0p95_m16_d128l4h2mlp512_700m_seed0_k2,half,0.95,5,0.35,0.1,2,belief,0.591175911453572,0.294349260967661,0.29682665048591095
sphere_polar_c07_n_down_gamma_up_d0p12_a0p85_m16_d128l4h2mlp512_700m_seed0_k2,half,0.85,5,0.7,0.12,2,belief,0.5875920831973083,0.29429727261759114,0.2932948105797171
sphere_polar_c09_n_up_gamma_constant_d0p1_a0p95_m16_d128l4h2mlp512_700m_seed0_k10,half,0.95,20,0.35,0.1,10,belief,0.6577224027307973,0.3669551191682408,0.2907672835625565
sphere_polar_c13_n_down_gamma_constant_d0p12_a0p95_m16_d128l4h2mlp512_700m_seed0_k2,half,0.95,5,0.35,0.12,2,belief,0.5692977575890268,0.28217476279084863,0.28712299479817815
sphere_polar_c14_n_down_gamma_constant_d0p14_a0p95_m16_d128l4h2mlp512_700m_seed0_k2,half,0.95,5,0.35,0.14,2,belief,0.5583172554693125,0.27298879659443304,0.2853284588748795
sphere_polar_c06_n_down_gamma_up_d0p1_a0p85_m16_d128l4h2mlp512_700m_seed0_k2,half,0.85,5,0.7,0.1,2,belief,0.5852760130370238,0.30301538149609686,0.28226063154092695
sphere_polar_c11_n_up_gamma_constant_d0p14_a0p95_m16_d128l4h2mlp512_700m_seed0_k10,half,0.95,20,0.35,0.14,10,belief,0.6519392613370226,0.37071402982541146,0.28122523151161116
sphere_polar_c00_base_d0p12_a0p95_m16_d128l4h2mlp512_700m_seed0_k11,n_plus_one,0.95,10,0.35,0.12,11,belief,0.5534082736030913,0.276631773679769,0.2767764999233223
sphere_polar_c02_base_d0p14_a0p95_m16_d128l4h2mlp512_700m_seed0_k11,n_plus_one,0.95,10,0.35,0.14,11,belief,0.539629268692402,0.26685617172049075,0.27277309697191127
sphere_polar_c01_base_d0p1_a0p95_m16_d128l4h2mlp512_700m_seed0_k11,n_plus_one,0.95,10,0.35,0.1,11,belief,0.5405162292674637,0.2677613881255412,0.2727548411419225
sphere_polar_c04_n_up_gamma_down_d0p12_a0p95_m16_d128l4h2mlp512_700m_seed0_k21,n_plus_one,0.95,20,0.175,0.12,21,belief,0.5681619449761142,0.29648082045924484,0.2716811245168693
sphere_polar_c06_n_down_gamma_up_d0p1_a0p7_m16_d128l4h2mlp512_700m_seed0_k6,n_plus_one,0.7,5,0.7,0.1,6,belief,0.5509700273466569,0.2813020148554779,0.269668012491179
sphere_polar_c13_n_down_gamma_constant_d0p12_a0p95_m16_d128l4h2mlp512_700m_seed0_k6,n_plus_one,0.95,5,0.35,0.12,6,belief,0.5518243301877246,0.28217476279084863,0.26964956739687596
sphere_polar_c07_n_down_gamma_up_d0p12_a0p7_m16_d128l4h2mlp512_700m_seed0_k6,n_plus_one,0.7,5,0.7,0.12,6,belief,0.5349332142256265,0.2673861504482031,0.2675470637774234
sphere_polar_c07_n_down_gamma_up_d0p12_a0p95_m16_d128l4h2mlp512_700m_seed0_k6,n_plus_one,0.95,5,0.7,0.12,6,belief,0.5806495366554738,0.3143638408951773,0.2662856957602965
sphere_polar_c09_n_up_gamma_constant_d0p1_a0p95_m16_d128l4h2mlp512_700m_seed0_k21,n_plus_one,0.95,20,0.35,0.1,21,belief,0.6332148600652887,0.3669551191682408,0.2662597408970479
sphere_polar_c06_n_down_gamma_up_d0p1_a0p95_m16_d128l4h2mlp512_700m_seed0_k6,n_plus_one,0.95,5,0.7,0.1,6,belief,0.5905173333561796,0.324390691918764,0.2661266414374156
sphere_polar_c14_n_down_gamma_constant_d0p14_a0p85_m16_d128l4h2mlp512_700m_seed0_k6,n_plus_one,0.85,5,0.35,0.14,6,belief,0.5227109519105584,0.2573044474964206,0.26540650441413777
sphere_polar_c08_n_down_gamma_up_d0p14_a0p95_m16_d128l4h2mlp512_700m_seed0_k1,fixed,0.95,5,0.7,0.14,1,belief,0.5712961111735495,0.3065926356501497,0.2647034755233998
sphere_polar_c14_n_down_gamma_constant_d0p14_a0p95_m16_d128l4h2mlp512_700m_seed0_k6,n_plus_one,0.95,5,0.35,0.14,6,belief,0.5374918852525672,0.27298879659443304,0.26450308865813416
sphere_polar_c05_n_up_gamma_down_d0p14_a0p95_m16_d128l4h2mlp512_700m_seed0_k21,n_plus_one,0.95,20,0.175,0.14,21,belief,0.5549080899792798,0.2912015120972784,0.26370657788200136
sphere_polar_c11_n_up_gamma_constant_d0p14_a0p95_m16_d128l4h2mlp512_700m_seed0_k21,n_plus_one,0.95,20,0.35,0.14,21,belief,0.6341739805592883,0.37071402982541146,0.26345995073387685
sphere_polar_c08_n_down_gamma_up_d0p14_a0p95_m16_d128l4h2mlp512_700m_seed0_k6,n_plus_one,0.95,5,0.7,0.14,6,belief,0.5642236976532884,0.3065926356501497,0.2576310620031387
sphere_polar_c12_n_down_gamma_constant_d0p1_a0p95_m16_d128l4h2mlp512_700m_seed0_k6,n_plus_one,0.95,5,0.35,0.1,6,belief,0.5518583934482275,0.294349260967661,0.2575091324805665
sphere_polar_c10_n_up_gamma_constant_d0p12_a0p95_m16_d128l4h2mlp512_700m_seed0_k21,n_plus_one,0.95,20,0.35,0.12,21,belief,0.6345115087854789,0.3774392529173066,0.2570722558681723
sphere_polar_c13_n_down_gamma_constant_d0p12_a0p7_m16_d128l4h2mlp512_700m_seed0_k6,n_plus_one,0.7,5,0.35,0.12,6,belief,0.4920776357135872,0.23726450367440433,0.2548131320391829
sphere_polar_c10_n_up_gamma_constant_d0p12_a0p95_m16_d128l4h2mlp512_700m_seed0_k10,half,0.95,20,0.35,0.12,10,belief,0.632114423662115,0.3774392529173066,0.2546751707448084
sphere_polar_c01_base_d0p1_a0p85_m16_d128l4h2mlp512_700m_seed0_k5,half,0.85,10,0.35,0.1,5,belief,0.49613349121190387,0.2464307817011685,0.24970270951073537
sphere_polar_c05_n_up_gamma_down_d0p14_a0p85_m16_d128l4h2mlp512_700m_seed0_k21,n_plus_one,0.85,20,0.175,0.14,21,belief,0.5090501825549641,0.25954126524872034,0.2495089173062438
sphere_polar_c00_base_d0p12_a0p85_m16_d128l4h2mlp512_700m_seed0_k5,half,0.85,10,0.35,0.12,5,belief,0.4972843844769731,0.24883669372829317,0.24844769074867992
sphere_polar_c06_n_down_gamma_up_d0p1_a0p95_m16_d128l4h2mlp512_700m_seed0_k1,fixed,0.95,5,0.7,0.1,1,belief,0.5701345379580817,0.324390691918764,0.24574384603931765
sphere_polar_c07_n_down_gamma_up_d0p12_a0p85_m16_d128l4h2mlp512_700m_seed0_k1,fixed,0.85,5,0.7,0.12,1,belief,0.5393435686834176,0.29429727261759114,0.24504629606582645
sphere_polar_c14_n_down_gamma_constant_d0p14_a0p95_m16_d128l4h2mlp512_700m_seed0_k1,fixed,0.95,5,0.35,0.14,1,belief,0.5180249761772904,0.27298879659443304,0.24503617958285734
sphere_polar_c05_n_up_gamma_down_d0p14_a0p95_m16_d128l4h2mlp512_700m_seed0_k10,half,0.95,20,0.175,0.14,10,belief,0.5339390651702629,0.2912015120972784,0.2427375530729845
sphere_polar_c13_n_down_gamma_constant_d0p12_a0p95_m16_d128l4h2mlp512_700m_seed0_k1,fixed,0.95,5,0.35,0.12,1,belief,0.5224986756712366,0.28217476279084863,0.240323912880388
sphere_polar_c08_n_down_gamma_up_d0p14_a0p7_m16_d128l4h2mlp512_700m_seed0_k6,n_plus_one,0.7,5,0.7,0.14,6,belief,0.4992314846148827,0.2592802661835658,0.2399512184313169
sphere_polar_c02_base_d0p14_a0p85_m16_d128l4h2mlp512_700m_seed0_k5,half,0.85,10,0.35,0.14,5,belief,0.48240606470436403,0.24581856343315153,0.2365875012712125
sphere_polar_c08_n_down_gamma_up_d0p14_a0p85_m16_d128l4h2mlp512_700m_seed0_k1,fixed,0.85,5,0.7,0.14,1,belief,0.5148703913805108,0.2793646785894806,0.23550571279103022
sphere_polar_c14_n_down_gamma_constant_d0p14_a0p7_m16_d128l4h2mlp512_700m_seed0_k6,n_plus_one,0.7,5,0.35,0.14,6,belief,0.4699781262264757,0.23512409697255254,0.23485402925392318
sphere_polar_c13_n_down_gamma_constant_d0p12_a0p85_m16_d128l4h2mlp512_700m_seed0_k2,half,0.85,5,0.35,0.12,2,belief,0.49376506836711326,0.2604223178905337,0.23334275047657954
sphere_polar_c01_base_d0p1_a0p85_m16_d128l4h2mlp512_700m_seed0_k11,n_plus_one,0.85,10,0.35,0.1,11,belief,0.4795384007007941,0.2464307817011685,0.23310761899962562
sphere_polar_c12_n_down_gamma_constant_d0p1_a0p85_m16_d128l4h2mlp512_700m_seed0_k2,half,0.85,5,0.35,0.1,2,belief,0.5004364788176591,0.2725134996819766,0.2279229791356825
sphere_polar_c03_n_up_gamma_down_d0p1_a0p95_m16_d128l4h2mlp512_700m_seed0_k10,half,0.95,20,0.175,0.1,10,belief,0.5263547364917878,0.3038556366896107,0.22249909980217708
sphere_polar_c12_n_down_gamma_constant_d0p1_a0p7_m16_d128l4h2mlp512_700m_seed0_k6,n_plus_one,0.7,5,0.35,0.1,6,belief,0.46937370944205103,0.24964619530043228,0.21972751414161876
sphere_polar_c14_n_down_gamma_constant_d0p14_a0p85_m16_d128l4h2mlp512_700m_seed0_k2,half,0.85,5,0.35,0.14,2,belief,0.47663360515128717,0.2573044474964206,0.21932915765486655
sphere_polar_c03_n_up_gamma_down_d0p1_a0p85_m16_d128l4h2mlp512_700m_seed0_k21,n_plus_one,0.85,20,0.175,0.1,21,belief,0.484285547831686,0.26868651670654925,0.21559903112513673
sphere_polar_c09_n_up_gamma_constant_d0p1_a0p85_m16_d128l4h2mlp512_700m_seed0_k21,n_plus_one,0.85,20,0.35,0.1,21,belief,0.5526161467996078,0.3373870340797992,0.2152291127198086
sphere_polar_c10_n_up_gamma_constant_d0p12_a0p85_m16_d128l4h2mlp512_700m_seed0_k10,half,0.85,20,0.35,0.12,10,belief,0.5471286940073388,0.33513199132412186,0.2119967026832169
sphere_polar_c06_n_down_gamma_up_d0p1_a0p85_m16_d128l4h2mlp512_700m_seed0_k1,fixed,0.85,5,0.7,0.1,1,belief,0.5147252095782016,0.30301538149609686,0.2117098280821047
sphere_polar_c10_n_up_gamma_constant_d0p12_a0p85_m16_d128l4h2mlp512_700m_seed0_k21,n_plus_one,0.85,20,0.35,0.12,21,belief,0.5437273857654477,0.33513199132412186,0.2085953944413258
sphere_polar_c12_n_down_gamma_constant_d0p1_a0p95_m16_d128l4h2mlp512_700m_seed0_k1,fixed,0.95,5,0.35,0.1,1,belief,0.5022362691220655,0.294349260967661,0.20788700815440453
sphere_polar_c03_n_up_gamma_down_d0p1_a0p95_m16_d128l4h2mlp512_700m_seed0_k21,n_plus_one,0.95,20,0.175,0.1,21,belief,0.5116215468231442,0.3038556366896107,0.20776591013353352
sphere_polar_c04_n_up_gamma_down_d0p12_a0p95_m16_d128l4h2mlp512_700m_seed0_k10,half,0.95,20,0.175,0.12,10,belief,0.5033629519571984,0.29648082045924484,0.20688213149795354
sphere_polar_c02_base_d0p14_a0p95_m16_d128l4h2mlp512_700m_seed0_k1,fixed,0.95,10,0.35,0.14,1,belief,0.4679666687497791,0.26685617172049075,0.20111049702928835
sphere_polar_c14_n_down_gamma_constant_d0p14_a0p85_m16_d128l4h2mlp512_700m_seed0_k1,fixed,0.85,5,0.35,0.14,1,belief,0.457011190425637,0.2573044474964206,0.19970674292921636
sphere_polar_c13_n_down_gamma_constant_d0p12_a0p85_m16_d128l4h2mlp512_700m_seed0_k1,fixed,0.85,5,0.35,0.12,1,belief,0.459271524650475,0.2604223178905337,0.19884920675994128
sphere_polar_c13_n_down_gamma_constant_d0p12_a0p7_m16_d128l4h2mlp512_700m_seed0_k2,half,0.7,5,0.35,0.12,2,belief,0.4334435379973677,0.23726450367440433,0.19617903432296335
sphere_polar_c07_n_down_gamma_up_d0p12_a0p7_m16_d128l4h2mlp512_700m_seed0_k2,half,0.7,5,0.7,0.12,2,belief,0.4634995440396168,0.2673861504482031,0.19611339359141372
sphere_polar_c11_n_up_gamma_constant_d0p14_a0p85_m16_d128l4h2mlp512_700m_seed0_k10,half,0.85,20,0.35,0.14,10,belief,0.5227464007866212,0.32888601774538484,0.19386038304123632
sphere_polar_c00_base_d0p12_a0p85_m16_d128l4h2mlp512_700m_seed0_k11,n_plus_one,0.85,10,0.35,0.12,11,belief,0.4422291820039087,0.24883669372829317,0.19339248827561553
sphere_polar_c05_n_up_gamma_down_d0p14_a0p85_m16_d128l4h2mlp512_700m_seed0_k10,half,0.85,20,0.175,0.14,10,belief,0.4485791257380044,0.25954126524872034,0.18903786048928406
sphere_polar_c08_n_down_gamma_up_d0p14_a0p7_m16_d128l4h2mlp512_700m_seed0_k2,half,0.7,5,0.7,0.14,2,belief,0.44709245207194587,0.2592802661835658,0.18781218588838006
sphere_polar_c09_n_up_gamma_constant_d0p1_a0p85_m16_d128l4h2mlp512_700m_seed0_k10,half,0.85,20,0.35,0.1,10,belief,0.5223954323742778,0.3373870340797992,0.18500839829447857
sphere_polar_c00_base_d0p12_a0p7_m16_d128l4h2mlp512_700m_seed0_k5,half,0.7,10,0.35,0.12,5,belief,0.40485859070401964,0.22255681442785324,0.1823017762761664
sphere_polar_c02_base_d0p14_a0p7_m16_d128l4h2mlp512_700m_seed0_k5,half,0.7,10,0.35,0.14,5,belief,0.40043664907127086,0.21824216904528693,0.18219448002598393
sphere_polar_c02_base_d0p14_a0p85_m16_d128l4h2mlp512_700m_seed0_k11,n_plus_one,0.85,10,0.35,0.14,11,belief,0.427557206207505,0.24581856343315153,0.18173864277435345
sphere_polar_c12_n_down_gamma_constant_d0p1_a0p85_m16_d128l4h2mlp512_700m_seed0_k1,fixed,0.85,5,0.35,0.1,1,belief,0.4541999694875313,0.2725134996819766,0.1816864698055547
sphere_polar_c11_n_up_gamma_constant_d0p14_a0p85_m16_d128l4h2mlp512_700m_seed0_k21,n_plus_one,0.85,20,0.35,0.14,21,belief,0.5094692552031268,0.32888601774538484,0.18058323745774196
sphere_polar_c01_base_d0p1_a0p7_m16_d128l4h2mlp512_700m_seed0_k5,half,0.7,10,0.35,0.1,5,belief,0.3983961230921218,0.22269157263695236,0.17570455045516944
sphere_polar_c06_n_down_gamma_up_d0p1_a0p7_m16_d128l4h2mlp512_700m_seed0_k2,half,0.7,5,0.7,0.1,2,belief,0.45538571920175414,0.2813020148554779,0.17408370434627624
sphere_polar_c14_n_down_gamma_constant_d0p14_a0p7_m16_d128l4h2mlp512_700m_seed0_k2,half,0.7,5,0.35,0.14,2,belief,0.4073687854148756,0.23512409697255254,0.17224468844232305
sphere_polar_c04_n_up_gamma_down_d0p12_a0p85_m16_d128l4h2mlp512_700m_seed0_k10,half,0.85,20,0.175,0.12,10,belief,0.4472457758367533,0.27592630480236124,0.17131947103439205
sphere_polar_c02_base_d0p14_a0p85_m16_d128l4h2mlp512_700m_seed0_k1,fixed,0.85,10,0.35,0.14,1,belief,0.41504069033593016,0.24581856343315153,0.16922212690277863
sphere_polar_c12_n_down_gamma_constant_d0p1_a0p7_m16_d128l4h2mlp512_700m_seed0_k2,half,0.7,5,0.35,0.1,2,belief,0.4187020537211815,0.24964619530043228,0.16905585842074924
sphere_polar_c00_base_d0p12_a0p95_m16_d128l4h2mlp512_700m_seed0_k1,fixed,0.95,10,0.35,0.12,1,belief,0.44462043610410207,0.276631773679769,0.16798866242433308
sphere_polar_c01_base_d0p1_a0p95_m16_d128l4h2mlp512_700m_seed0_k1,fixed,0.95,10,0.35,0.1,1,belief,0.4353080088973067,0.2677613881255412,0.16754662077176552
sphere_polar_c03_n_up_gamma_down_d0p1_a0p85_m16_d128l4h2mlp512_700m_seed0_k10,half,0.85,20,0.175,0.1,10,belief,0.43529701393217834,0.26868651670654925,0.1666104972256291
sphere_polar_c01_base_d0p1_a0p7_m16_d128l4h2mlp512_700m_seed0_k11,n_plus_one,0.7,10,0.35,0.1,11,belief,0.38862024259997585,0.22269157263695236,0.1659286699630235
sphere_polar_c05_n_up_gamma_down_d0p14_a0p7_m16_d128l4h2mlp512_700m_seed0_k21,n_plus_one,0.7,20,0.175,0.14,21,belief,0.39151602266399266,0.2255956535041422,0.16592036915985045
sphere_polar_c04_n_up_gamma_down_d0p12_a0p7_m16_d128l4h2mlp512_700m_seed0_k10,half,0.7,20,0.175,0.12,10,belief,0.392807798827582,0.22796652759912447,0.16484127122845751
sphere_polar_c04_n_up_gamma_down_d0p12_a0p85_m16_d128l4h2mlp512_700m_seed0_k21,n_plus_one,0.85,20,0.175,0.12,21,belief,0.4394191901903634,0.27592630480236124,0.16349288538800216
sphere_polar_c00_base_d0p12_a0p85_m16_d128l4h2mlp512_700m_seed0_k1,fixed,0.85,10,0.35,0.12,1,belief,0.40936711286596444,0.24883669372829317,0.16053041913767127
sphere_polar_c07_n_down_gamma_up_d0p12_a0p7_m16_d128l4h2mlp512_700m_seed0_k1,fixed,0.7,5,0.7,0.12,1,belief,0.4256828348305348,0.2673861504482031,0.15829668438233174
sphere_polar_c13_n_down_gamma_constant_d0p12_a0p7_m16_d128l4h2mlp512_700m_seed0_k1,fixed,0.7,5,0.35,0.12,1,belief,0.39400457063877514,0.23726450367440433,0.15674006696437082
sphere_polar_c01_base_d0p1_a0p85_m16_d128l4h2mlp512_700m_seed0_k1,fixed,0.85,10,0.35,0.1,1,belief,0.40314301405369624,0.2464307817011685,0.15671223235252774
sphere_polar_c13_n_down_gamma_constant_d0p12_a0p5_m16_d128l4h2mlp512_700m_seed0_k2,half,0.5,5,0.35,0.12,2,belief,0.36452491560313505,0.21097954395327226,0.1535453716498628
sphere_polar_c02_base_d0p14_a0p7_m16_d128l4h2mlp512_700m_seed0_k11,n_plus_one,0.7,10,0.35,0.14,11,belief,0.37104934120333904,0.21824216904528693,0.15280717215805212
sphere_polar_c10_n_up_gamma_constant_d0p12_a0p95_m16_d128l4h2mlp512_700m_seed0_k1,fixed,0.95,20,0.35,0.12,1,belief,0.5298674703335973,0.3774392529173066,0.15242821741629065
sphere_polar_c08_n_down_gamma_up_d0p14_a0p7_m16_d128l4h2mlp512_700m_seed0_k1,fixed,0.7,5,0.7,0.14,1,belief,0.411293094819981,0.2592802661835658,0.1520128286364152
sphere_polar_c11_n_up_gamma_constant_d0p14_a0p95_m16_d128l4h2mlp512_700m_seed0_k1,fixed,0.95,20,0.35,0.14,1,belief,0.5216761877702472,0.37071402982541146,0.1509621579448357
sphere_polar_c06_n_down_gamma_up_d0p1_a0p7_m16_d128l4h2mlp512_700m_seed0_k1,fixed,0.7,5,0.7,0.1,1,belief,0.43047822230586835,0.2813020148554779,0.14917620745039045
sphere_polar_c00_base_d0p12_a0p7_m16_d128l4h2mlp512_700m_seed0_k11,n_plus_one,0.7,10,0.35,0.12,11,belief,0.3715810444365971,0.22255681442785324,0.14902423000874387
sphere_polar_c11_n_up_gamma_constant_d0p14_a0p7_m16_d128l4h2mlp512_700m_seed0_k21,n_plus_one,0.7,20,0.35,0.14,21,belief,0.4399985742736567,0.29126170661163786,0.14873686766201882
sphere_polar_c02_base_d0p14_a0p5_m16_d128l4h2mlp512_700m_seed0_k5,half,0.5,10,0.35,0.14,5,belief,0.3297394648115233,0.18277815100841716,0.14696131380310612
sphere_polar_c06_n_down_gamma_up_d0p1_a0p5_m16_d128l4h2mlp512_700m_seed0_k2,half,0.5,5,0.7,0.1,2,belief,0.3854390681163522,0.23955283045736353,0.14588623765898867
sphere_polar_c14_n_down_gamma_constant_d0p14_a0p7_m16_d128l4h2mlp512_700m_seed0_k1,fixed,0.7,5,0.35,0.14,1,belief,0.3786521586608068,0.23512409697255254,0.14352806168825427
sphere_polar_c05_n_up_gamma_down_d0p14_a0p7_m16_d128l4h2mlp512_700m_seed0_k10,half,0.7,20,0.175,0.14,10,belief,0.36885072898573534,0.2255956535041422,0.14325507548159314
sphere_polar_c04_n_up_gamma_down_d0p12_a0p95_m16_d128l4h2mlp512_700m_seed0_k1,fixed,0.95,20,0.175,0.12,1,belief,0.438886515573801,0.29648082045924484,0.14240569511455614
sphere_polar_c03_n_up_gamma_down_d0p1_a0p7_m16_d128l4h2mlp512_700m_seed0_k10,half,0.7,20,0.175,0.1,10,belief,0.379354339313857,0.23724131329820689,0.1421130260156501
sphere_polar_c10_n_up_gamma_constant_d0p12_a0p85_m16_d128l4h2mlp512_700m_seed0_k1,fixed,0.85,20,0.35,0.12,1,belief,0.47586984432504364,0.33513199132412186,0.1407378530009218
sphere_polar_c04_n_up_gamma_down_d0p12_a0p7_m16_d128l4h2mlp512_700m_seed0_k21,n_plus_one,0.7,20,0.175,0.12,21,belief,0.3686616746670952,0.22796652759912447,0.14069514706797073
sphere_polar_c07_n_down_gamma_up_d0p12_a0p5_m16_d128l4h2mlp512_700m_seed0_k2,half,0.5,5,0.7,0.12,2,belief,0.3807172944897059,0.24292540816584243,0.1377918863238635
sphere_polar_c14_n_down_gamma_constant_d0p14_a0p5_m16_d128l4h2mlp512_700m_seed0_k6,n_plus_one,0.5,5,0.35,0.14,6,belief,0.34527633643668487,0.20798292767409823,0.13729340876258664
sphere_polar_c11_n_up_gamma_constant_d0p14_a0p5_m16_d128l4h2mlp512_700m_seed0_k21,n_plus_one,0.5,20,0.35,0.14,21,belief,0.3827791390088572,0.24636875443801115,0.13641038457084603
sphere_polar_c00_base_d0p12_a0p5_m16_d128l4h2mlp512_700m_seed0_k5,half,0.5,10,0.35,0.12,5,belief,0.33143039582920053,0.19600844186608304,0.1354219539631175
sphere_polar_c00_base_d0p12_a0p7_m16_d128l4h2mlp512_700m_seed0_k1,fixed,0.7,10,0.35,0.12,1,belief,0.3579529753435172,0.22255681442785324,0.13539616091566398
sphere_polar_c05_n_up_gamma_down_d0p14_a0p95_m16_d128l4h2mlp512_700m_seed0_k1,fixed,0.95,20,0.175,0.14,1,belief,0.4240717982268363,0.2912015120972784,0.13287028612955792
sphere_polar_c11_n_up_gamma_constant_d0p14_a0p7_m16_d128l4h2mlp512_700m_seed0_k10,half,0.7,20,0.35,0.14,10,belief,0.4237547904580585,0.29126170661163786,0.1324930838464206
sphere_polar_c12_n_down_gamma_constant_d0p1_a0p7_m16_d128l4h2mlp512_700m_seed0_k1,fixed,0.7,5,0.35,0.1,1,belief,0.38175792830904987,0.24964619530043228,0.1321117330086176
sphere_polar_c10_n_up_gamma_constant_d0p12_a0p7_m16_d128l4h2mlp512_700m_seed0_k21,n_plus_one,0.7,20,0.35,0.12,21,belief,0.4266837085791051,0.29537750165535903,0.13130620692374606
sphere_polar_c09_n_up_gamma_constant_d0p1_a0p95_m16_d128l4h2mlp512_700m_seed0_k1,fixed,0.95,20,0.35,0.1,1,belief,0.49810444071325777,0.3669551191682408,0.13114932154501696
sphere_polar_c08_n_down_gamma_up_d0p14_a0p5_m16_d128l4h2mlp512_700m_seed0_k6,n_plus_one,0.5,5,0.7,0.14,6,belief,0.36650799458018013,0.23652063543466645,0.12998735914551368
sphere_polar_c02_base_d0p14_a0p7_m16_d128l4h2mlp512_700m_seed0_k1,fixed,0.7,10,0.35,0.14,1,belief,0.346922685566062,0.21824216904528693,0.12868051652077506
sphere_polar_c12_n_down_gamma_constant_d0p1_a0p5_m16_d128l4h2mlp512_700m_seed0_k2,half,0.5,5,0.35,0.1,2,belief,0.34639860212966506,0.21785202419747515,0.1285465779321899
sphere_polar_c05_n_up_gamma_down_d0p14_a0p5_m16_d128l4h2mlp512_700m_seed0_k21,n_plus_one,0.5,20,0.175,0.14,21,belief,0.3197763737217585,0.19182569591505155,0.12795067780670694
sphere_polar_c08_n_down_gamma_up_d0p14_a0p5_m16_d128l4h2mlp512_700m_seed0_k2,half,0.5,5,0.7,0.14,2,belief,0.36414949997773427,0.23652063543466645,0.12762886454306782
sphere_polar_c13_n_down_gamma_constant_d0p12_a0p5_m16_d128l4h2mlp512_700m_seed0_k6,n_plus_one,0.5,5,0.35,0.12,6,belief,0.3384304384744722,0.21097954395327226,0.12745089452119993
sphere_polar_c07_n_down_gamma_up_d0p12_a0p5_m16_d128l4h2mlp512_700m_seed0_k6,n_plus_one,0.5,5,0.7,0.12,6,belief,0.36874655948458457,0.24292540816584243,0.12582115131874214
sphere_polar_c05_n_up_gamma_down_d0p14_a0p5_m16_d128l4h2mlp512_700m_seed0_k10,half,0.5,20,0.175,0.14,10,belief,0.3166172191587956,0.19182569591505155,0.12479152324374404
sphere_polar_c05_n_up_gamma_down_d0p14_a0p85_m16_d128l4h2mlp512_700m_seed0_k1,fixed,0.85,20,0.175,0.14,1,belief,0.38368823772773086,0.25954126524872034,0.12414697247901052
sphere_polar_c03_n_up_gamma_down_d0p1_a0p85_m16_d128l4h2mlp512_700m_seed0_k1,fixed,0.85,20,0.175,0.1,1,belief,0.3926904869491523,0.26868651670654925,0.12400397024260307
sphere_polar_c01_base_d0p1_a0p5_m16_d128l4h2mlp512_700m_seed0_k5,half,0.5,10,0.35,0.1,5,belief,0.31630002420559267,0.1925873084205434,0.12371271578504928
sphere_polar_c14_n_down_gamma_constant_d0p14_a0p5_m16_d128l4h2mlp512_700m_seed0_k2,half,0.5,5,0.35,0.14,2,belief,0.3316661881832804,0.20798292767409823,0.12368326050918219
sphere_polar_c03_n_up_gamma_down_d0p1_a0p95_m16_d128l4h2mlp512_700m_seed0_k1,fixed,0.95,20,0.175,0.1,1,belief,0.42700211693643014,0.3038556366896107,0.12314648024681946
sphere_polar_c09_n_up_gamma_constant_d0p1_a0p85_m16_d128l4h2mlp512_700m_seed0_k1,fixed,0.85,20,0.35,0.1,1,belief,0.4598299280176987,0.3373870340797992,0.12244289393789948
sphere_polar_c06_n_down_gamma_up_d0p1_a0p5_m16_d128l4h2mlp512_700m_seed0_k6,n_plus_one,0.5,5,0.7,0.1,6,belief,0.3610583568671796,0.23955283045736353,0.12150552640981604
sphere_polar_c10_n_up_gamma_constant_d0p12_a0p7_m16_d128l4h2mlp512_700m_seed0_k10,half,0.7,20,0.35,0.12,10,belief,0.41671396586536524,0.29537750165535903,0.12133646421000621
sphere_polar_c09_n_up_gamma_constant_d0p1_a0p7_m16_d128l4h2mlp512_700m_seed0_k21,n_plus_one,0.7,20,0.35,0.1,21,belief,0.41607428935312046,0.29690755612298536,0.1191667332301351
sphere_polar_c11_n_up_gamma_constant_d0p14_a0p85_m16_d128l4h2mlp512_700m_seed0_k1,fixed,0.85,20,0.35,0.14,1,belief,0.4477077814241116,0.32888601774538484,0.11882176367872677
sphere_polar_c04_n_up_gamma_down_d0p12_a0p5_m16_d128l4h2mlp512_700m_seed0_k10,half,0.5,20,0.175,0.12,10,belief,0.3151775690162447,0.19649002322783354,0.11868754578841118
sphere_polar_c10_n_up_gamma_constant_d0p12_a0p7_m16_d128l4h2mlp512_700m_seed0_k1,fixed,0.7,20,0.35,0.12,1,belief,0.4131416874703863,0.29537750165535903,0.11776418581502729
sphere_polar_c01_base_d0p1_a0p7_m16_d128l4h2mlp512_700m_seed0_k1,fixed,0.7,10,0.35,0.1,1,belief,0.3400415313010027,0.22269157263695236,0.11734995866405032
sphere_polar_c10_n_up_gamma_constant_d0p12_a0p5_m16_d128l4h2mlp512_700m_seed0_k21,n_plus_one,0.5,20,0.35,0.12,21,belief,0.3612942006075559,0.24408039705558052,0.11721380355197539
sphere_polar_c03_n_up_gamma_down_d0p1_a0p7_m16_d128l4h2mlp512_700m_seed0_k21,n_plus_one,0.7,20,0.175,0.1,21,belief,0.3540424461015324,0.23724131329820689,0.11680113280332552
sphere_polar_c10_n_up_gamma_constant_d0p12_a0p5_m16_d128l4h2mlp512_700m_seed0_k10,half,0.5,20,0.35,0.12,10,belief,0.356736784219049,0.24408039705558052,0.11265638716346846
sphere_polar_c06_n_down_gamma_up_d0p1_a0p5_m16_d128l4h2mlp512_700m_seed0_k1,fixed,0.5,5,0.7,0.1,1,belief,0.35046171614241295,0.23955283045736353,0.11090888568504942
sphere_polar_c05_n_up_gamma_down_d0p14_a0p7_m16_d128l4h2mlp512_700m_seed0_k1,fixed,0.7,20,0.175,0.14,1,belief,0.33476664943709233,0.2255956535041422,0.10917099593295013
sphere_polar_c09_n_up_gamma_constant_d0p1_a0p5_m16_d128l4h2mlp512_700m_seed0_k10,half,0.5,20,0.35,0.1,10,belief,0.35437983345594776,0.2462223886747562,0.10815744478119155
sphere_polar_c12_n_down_gamma_constant_d0p1_a0p5_m16_d128l4h2mlp512_700m_seed0_k6,n_plus_one,0.5,5,0.35,0.1,6,belief,0.3255742322830122,0.21785202419747515,0.10772220808553704
sphere_polar_c09_n_up_gamma_constant_d0p1_a0p7_m16_d128l4h2mlp512_700m_seed0_k1,fixed,0.7,20,0.35,0.1,1,belief,0.40397996504314815,0.29690755612298536,0.10707240892016279
sphere_polar_c03_n_up_gamma_down_d0p1_a0p5_m16_d128l4h2mlp512_700m_seed0_k10,half,0.5,20,0.175,0.1,10,belief,0.30959226488458685,0.20295588995231442,0.10663637493227243
sphere_polar_c12_n_down_gamma_constant_d0p1_a0p5_m16_d128l4h2mlp512_700m_seed0_k1,fixed,0.5,5,0.35,0.1,1,belief,0.3233034943992035,0.21785202419747515,0.10545147020172832
sphere_polar_c10_n_up_gamma_constant_d0p12_a0p5_m16_d128l4h2mlp512_700m_seed0_k1,fixed,0.5,20,0.35,0.12,1,belief,0.3494707225466426,0.24408039705558052,0.10539032549106206
sphere_polar_c03_n_up_gamma_down_d0p1_a0p7_m16_d128l4h2mlp512_700m_seed0_k1,fixed,0.7,20,0.175,0.1,1,belief,0.3421506690381028,0.23724131329820689,0.10490935573989593
sphere_polar_c09_n_up_gamma_constant_d0p1_a0p5_m16_d128l4h2mlp512_700m_seed0_k1,fixed,0.5,20,0.35,0.1,1,belief,0.34918780603036703,0.2462223886747562,0.10296541735561082
sphere_polar_c04_n_up_gamma_down_d0p12_a0p5_m16_d128l4h2mlp512_700m_seed0_k21,n_plus_one,0.5,20,0.175,0.12,21,belief,0.29839484247349113,0.19649002322783354,0.10190481924565759
sphere_polar_c09_n_up_gamma_constant_d0p1_a0p7_m16_d128l4h2mlp512_700m_seed0_k10,half,0.7,20,0.35,0.1,10,belief,0.39876283073120816,0.29690755612298536,0.1018552746082228
sphere_polar_c11_n_up_gamma_constant_d0p14_a0p5_m16_d128l4h2mlp512_700m_seed0_k1,fixed,0.5,20,0.35,0.14,1,belief,0.34788747888736343,0.24636875443801115,0.10151872444935228
sphere_polar_c11_n_up_gamma_constant_d0p14_a0p7_m16_d128l4h2mlp512_700m_seed0_k1,fixed,0.7,20,0.35,0.14,1,belief,0.39170034303480966,0.29126170661163786,0.1004386364231718
sphere_polar_c13_n_down_gamma_constant_d0p12_a0p5_m16_d128l4h2mlp512_700m_seed0_k1,fixed,0.5,5,0.35,0.12,1,belief,0.3112693802458928,0.21097954395327226,0.10028983629262053
sphere_polar_c07_n_down_gamma_up_d0p12_a0p5_m16_d128l4h2mlp512_700m_seed0_k1,fixed,0.5,5,0.7,0.12,1,belief,0.34299560474345464,0.24292540816584243,0.10007019657761221
sphere_polar_c11_n_up_gamma_constant_d0p14_a0p5_m16_d128l4h2mlp512_700m_seed0_k10,half,0.5,20,0.35,0.14,10,belief,0.34612574911790156,0.24636875443801115,0.09975699467989041
sphere_polar_c00_base_d0p12_a0p5_m16_d128l4h2mlp512_700m_seed0_k1,fixed,0.5,10,0.35,0.12,1,belief,0.29463360512070846,0.19600844186608304,0.09862516325462542
sphere_polar_c02_base_d0p14_a0p5_m16_d128l4h2mlp512_700m_seed0_k1,fixed,0.5,10,0.35,0.14,1,belief,0.28065479499260615,0.18277815100841716,0.097876643984189
sphere_polar_c08_n_down_gamma_up_d0p14_a0p5_m16_d128l4h2mlp512_700m_seed0_k1,fixed,0.5,5,0.7,0.14,1,belief,0.33350295872121105,0.23652063543466645,0.0969823232865446
sphere_polar_c04_n_up_gamma_down_d0p12_a0p85_m16_d128l4h2mlp512_700m_seed0_k1,fixed,0.85,20,0.175,0.12,1,belief,0.37094045505416096,0.27592630480236124,0.09501415025179971
sphere_polar_c04_n_up_gamma_down_d0p12_a0p7_m16_d128l4h2mlp512_700m_seed0_k1,fixed,0.7,20,0.175,0.12,1,belief,0.3206409872661952,0.22796652759912447,0.09267445966707075
sphere_polar_c03_n_up_gamma_down_d0p1_a0p5_m16_d128l4h2mlp512_700m_seed0_k21,n_plus_one,0.5,20,0.175,0.1,21,belief,0.295595056111122,0.20295588995231442,0.0926391661588076
sphere_polar_c09_n_up_gamma_constant_d0p1_a0p5_m16_d128l4h2mlp512_700m_seed0_k21,n_plus_one,0.5,20,0.35,0.1,21,belief,0.3341208609447748,0.2462223886747562,0.08789847227001857
sphere_polar_c14_n_down_gamma_constant_d0p14_a0p5_m16_d128l4h2mlp512_700m_seed0_k1,fixed,0.5,5,0.35,0.14,1,belief,0.2942040173306656,0.20798292767409823,0.08622108965656736
sphere_polar_c05_n_up_gamma_down_d0p14_a0p5_m16_d128l4h2mlp512_700m_seed0_k1,fixed,0.5,20,0.175,0.14,1,belief,0.27745480454419225,0.19182569591505155,0.0856291086291407
sphere_polar_c04_n_up_gamma_down_d0p12_a0p5_m16_d128l4h2mlp512_700m_seed0_k1,fixed,0.5,20,0.175,0.12,1,belief,0.28070879370528906,0.19649002322783354,0.08421877047745552
sphere_polar_c03_n_up_gamma_down_d0p1_a0p5_m16_d128l4h2mlp512_700m_seed0_k1,fixed,0.5,20,0.175,0.1,1,belief,0.28639988727793586,0.20295588995231442,0.08344399732562144
sphere_polar_c01_base_d0p1_a0p5_m16_d128l4h2mlp512_700m_seed0_k1,fixed,0.5,10,0.35,0.1,1,belief,0.2758999511320419,0.1925873084205434,0.08331264271149852
sphere_polar_c02_base_d0p14_a0p5_m16_d128l4h2mlp512_700m_seed0_k11,n_plus_one,0.5,10,0.35,0.14,11,belief,0.25102519205230195,0.18277815100841716,0.06824704104388479
sphere_polar_c00_base_d0p12_a0p5_m16_d128l4h2mlp512_700m_seed0_k11,n_plus_one,0.5,10,0.35,0.12,11,belief,0.2604330844170618,0.19600844186608304,0.06442464255097877
sphere_polar_c01_base_d0p1_a0p5_m16_d128l4h2mlp512_700m_seed0_k11,n_plus_one,0.5,10,0.35,0.1,11,belief,0.2565442958509115,0.1925873084205434,0.0639569874303681
sphere_polar_c14_n_down_gamma_constant_d0p14_a0p5_m16_d128l4h2mlp512_700m_seed0_k2,half,0.5,5,0.35,0.14,2,physics,0.9911533517634041,0.7052508920671934,0.28590245969621075
sphere_polar_c05_n_up_gamma_down_d0p14_a0p5_m16_d128l4h2mlp512_700m_seed0_k1,fixed,0.5,20,0.175,0.14,1,physics,0.9777605050444599,0.695035672765993,0.2827248322784669
sphere_polar_c14_n_down_gamma_constant_d0p14_a0p5_m16_d128l4h2mlp512_700m_seed0_k1,fixed,0.5,5,0.35,0.14,1,physics,0.9865963244789362,0.7052508920671934,0.2813454324117428
sphere_polar_c14_n_down_gamma_constant_d0p14_a0p7_m16_d128l4h2mlp512_700m_seed0_k2,half,0.7,5,0.35,0.14,2,physics,0.9917475882566588,0.7108395188842458,0.28090806937241297
sphere_polar_c05_n_up_gamma_down_d0p14_a0p7_m16_d128l4h2mlp512_700m_seed0_k1,fixed,0.7,20,0.175,0.14,1,physics,0.9754525383388575,0.6962001035684425,0.27925243477041495
sphere_polar_c14_n_down_gamma_constant_d0p14_a0p85_m16_d128l4h2mlp512_700m_seed0_k2,half,0.85,5,0.35,0.14,2,physics,0.9907506413349494,0.7124276087984045,0.2783230325365449
sphere_polar_c14_n_down_gamma_constant_d0p14_a0p95_m16_d128l4h2mlp512_700m_seed0_k2,half,0.95,5,0.35,0.14,2,physics,0.9880268421173892,0.7127187801263187,0.2753080619910705
sphere_polar_c14_n_down_gamma_constant_d0p14_a0p7_m16_d128l4h2mlp512_700m_seed0_k1,fixed,0.7,5,0.35,0.14,1,physics,0.9860842868915394,0.7108395188842458,0.2752447680072936
sphere_polar_c02_base_d0p14_a0p5_m16_d128l4h2mlp512_700m_seed0_k1,fixed,0.5,10,0.35,0.14,1,physics,0.9881639949945618,0.71302362677749,0.2751403682170718
sphere_polar_c05_n_up_gamma_down_d0p14_a0p7_m16_d128l4h2mlp512_700m_seed0_k10,half,0.7,20,0.175,0.14,10,physics,0.9710102699314297,0.6962001035684425,0.27481016636298716
sphere_polar_c05_n_up_gamma_down_d0p14_a0p5_m16_d128l4h2mlp512_700m_seed0_k10,half,0.5,20,0.175,0.14,10,physics,0.9695159741812536,0.695035672765993,0.2744803014152606
sphere_polar_c14_n_down_gamma_constant_d0p14_a0p5_m16_d128l4h2mlp512_700m_seed0_k6,n_plus_one,0.5,5,0.35,0.14,6,physics,0.9790013026378881,0.7052508920671934,0.2737504105706947
sphere_polar_c02_base_d0p14_a0p5_m16_d128l4h2mlp512_700m_seed0_k5,half,0.5,10,0.35,0.14,5,physics,0.9867504966921112,0.71302362677749,0.27372686991462125
sphere_polar_c02_base_d0p14_a0p7_m16_d128l4h2mlp512_700m_seed0_k1,fixed,0.7,10,0.35,0.14,1,physics,0.9858569985543448,0.7126942065411727,0.2731627920131722
sphere_polar_c02_base_d0p14_a0p7_m16_d128l4h2mlp512_700m_seed0_k5,half,0.7,10,0.35,0.14,5,physics,0.9858558289594713,0.7126942065411727,0.27316162241829867
sphere_polar_c14_n_down_gamma_constant_d0p14_a0p85_m16_d128l4h2mlp512_700m_seed0_k1,fixed,0.85,5,0.35,0.14,1,physics,0.9832213321890719,0.7124276087984045,0.27079372339066743
sphere_polar_c14_n_down_gamma_constant_d0p14_a0p7_m16_d128l4h2mlp512_700m_seed0_k6,n_plus_one,0.7,5,0.35,0.14,6,physics,0.9792156319829706,0.7108395188842458,0.2683761130987248
sphere_polar_c05_n_up_gamma_down_d0p14_a0p7_m16_d128l4h2mlp512_700m_seed0_k21,n_plus_one,0.7,20,0.175,0.14,21,physics,0.9631146485608706,0.6962001035684425,0.26691454499242806
sphere_polar_c05_n_up_gamma_down_d0p14_a0p5_m16_d128l4h2mlp512_700m_seed0_k21,n_plus_one,0.5,20,0.175,0.14,21,physics,0.9606354941113135,0.695035672765993,0.26559982134532056
sphere_polar_c14_n_down_gamma_constant_d0p14_a0p95_m16_d128l4h2mlp512_700m_seed0_k1,fixed,0.95,5,0.35,0.14,1,physics,0.9769514644787489,0.7127187801263187,0.2642326843524302
sphere_polar_c08_n_down_gamma_up_d0p14_a0p5_m16_d128l4h2mlp512_700m_seed0_k2,half,0.5,5,0.7,0.14,2,physics,0.9928443776353596,0.7296015953399253,0.2632427822954343
sphere_polar_c14_n_down_gamma_constant_d0p14_a0p85_m16_d128l4h2mlp512_700m_seed0_k6,n_plus_one,0.85,5,0.35,0.14,6,physics,0.9742345969547788,0.7124276087984045,0.26180698815637427
sphere_polar_c05_n_up_gamma_down_d0p14_a0p85_m16_d128l4h2mlp512_700m_seed0_k1,fixed,0.85,20,0.175,0.14,1,physics,0.9732134496107812,0.7120236280582979,0.26118982155248327
sphere_polar_c05_n_up_gamma_down_d0p14_a0p85_m16_d128l4h2mlp512_700m_seed0_k21,n_plus_one,0.85,20,0.175,0.14,21,physics,0.9717861904136997,0.7120236280582979,0.25976256235540185
sphere_polar_c02_base_d0p14_a0p7_m16_d128l4h2mlp512_700m_seed0_k11,n_plus_one,0.7,10,0.35,0.14,11,physics,0.9710309469209839,0.7126942065411727,0.25833674037981125
sphere_polar_c02_base_d0p14_a0p5_m16_d128l4h2mlp512_700m_seed0_k11,n_plus_one,0.5,10,0.35,0.14,11,physics,0.9713420179268539,0.71302362677749,0.25831839114936395
sphere_polar_c14_n_down_gamma_constant_d0p14_a0p95_m16_d128l4h2mlp512_700m_seed0_k6,n_plus_one,0.95,5,0.35,0.14,6,physics,0.9709277416482077,0.7127187801263187,0.258208961521889
sphere_polar_c08_n_down_gamma_up_d0p14_a0p7_m16_d128l4h2mlp512_700m_seed0_k2,half,0.7,5,0.7,0.14,2,physics,0.9923624476116991,0.7345842987487798,0.2577781488629193
sphere_polar_c02_base_d0p14_a0p85_m16_d128l4h2mlp512_700m_seed0_k1,fixed,0.85,10,0.35,0.14,1,physics,0.9836480219646486,0.7272238033278908,0.2564242186367578
sphere_polar_c08_n_down_gamma_up_d0p14_a0p5_m16_d128l4h2mlp512_700m_seed0_k1,fixed,0.5,5,0.7,0.14,1,physics,0.9851969697422833,0.7296015953399253,0.255595374402358
sphere_polar_c02_base_d0p14_a0p85_m16_d128l4h2mlp512_700m_seed0_k5,half,0.85,10,0.35,0.14,5,physics,0.9822134581373905,0.7272238033278908,0.25498965480949964
sphere_polar_c05_n_up_gamma_down_d0p14_a0p85_m16_d128l4h2mlp512_700m_seed0_k10,half,0.85,20,0.175,0.14,10,physics,0.9660049888687763,0.7120236280582979,0.2539813608104784
sphere_polar_c13_n_down_gamma_constant_d0p12_a0p7_m16_d128l4h2mlp512_700m_seed0_k2,half,0.7,5,0.35,0.12,2,physics,0.9933046738171043,0.7411989699890822,0.2521057038280221
sphere_polar_c08_n_down_gamma_up_d0p14_a0p85_m16_d128l4h2mlp512_700m_seed0_k2,half,0.85,5,0.7,0.14,2,physics,0.9905996722809908,0.738639047957998,0.2519606243229928
sphere_polar_c11_n_up_gamma_constant_d0p14_a0p5_m16_d128l4h2mlp512_700m_seed0_k1,fixed,0.5,20,0.35,0.14,1,physics,0.982050383030638,0.7302825377877654,0.25176784524287255
sphere_polar_c08_n_down_gamma_up_d0p14_a0p7_m16_d128l4h2mlp512_700m_seed0_k1,fixed,0.7,5,0.7,0.14,1,physics,0.9858488943687165,0.7345842987487798,0.25126459561993664
sphere_polar_c11_n_up_gamma_constant_d0p14_a0p5_m16_d128l4h2mlp512_700m_seed0_k10,half,0.5,20,0.35,0.14,10,physics,0.980131913244361,0.7302825377877654,0.24984937545659558
sphere_polar_c13_n_down_gamma_constant_d0p12_a0p7_m16_d128l4h2mlp512_700m_seed0_k1,fixed,0.7,5,0.35,0.12,1,physics,0.9900409276092081,0.7411989699890822,0.24884195762012595
sphere_polar_c11_n_up_gamma_constant_d0p14_a0p5_m16_d128l4h2mlp512_700m_seed0_k21,n_plus_one,0.5,20,0.35,0.14,21,physics,0.9774708027723071,0.7302825377877654,0.24718826498454172
sphere_polar_c08_n_down_gamma_up_d0p14_a0p95_m16_d128l4h2mlp512_700m_seed0_k2,half,0.95,5,0.7,0.14,2,physics,0.9888435869999426,0.7427472644646618,0.2460963225352808
sphere_polar_c04_n_up_gamma_down_d0p12_a0p7_m16_d128l4h2mlp512_700m_seed0_k1,fixed,0.7,20,0.175,0.12,1,physics,0.9825690871616124,0.7364863002766743,0.24608278688493812
sphere_polar_c08_n_down_gamma_up_d0p14_a0p5_m16_d128l4h2mlp512_700m_seed0_k6,n_plus_one,0.5,5,0.7,0.14,6,physics,0.9745782227228281,0.7296015953399253,0.24497662738290282
sphere_polar_c05_n_up_gamma_down_d0p14_a0p95_m16_d128l4h2mlp512_700m_seed0_k1,fixed,0.95,20,0.175,0.14,1,physics,0.9697728561182624,0.7252594090004523,0.2445134471178101
sphere_polar_c08_n_down_gamma_up_d0p14_a0p85_m16_d128l4h2mlp512_700m_seed0_k1,fixed,0.85,5,0.7,0.14,1,physics,0.9827311031820662,0.738639047957998,0.2440920552240683
sphere_polar_c11_n_up_gamma_constant_d0p14_a0p7_m16_d128l4h2mlp512_700m_seed0_k10,half,0.7,20,0.35,0.14,10,physics,0.9794639113562722,0.7360399514828515,0.2434239598734207
sphere_polar_c11_n_up_gamma_constant_d0p14_a0p7_m16_d128l4h2mlp512_700m_seed0_k1,fixed,0.7,20,0.35,0.14,1,physics,0.9791463605112307,0.7360399514828515,0.2431064090283792
sphere_polar_c13_n_down_gamma_constant_d0p12_a0p5_m16_d128l4h2mlp512_700m_seed0_k2,half,0.5,5,0.35,0.12,2,physics,0.9933685266649905,0.7504267291295679,0.24294179753542267
sphere_polar_c02_base_d0p14_a0p85_m16_d128l4h2mlp512_700m_seed0_k11,n_plus_one,0.85,10,0.35,0.14,11,physics,0.9698604053220032,0.7272238033278908,0.2426366019941124
sphere_polar_c04_n_up_gamma_down_d0p12_a0p5_m16_d128l4h2mlp512_700m_seed0_k1,fixed,0.5,20,0.175,0.12,1,physics,0.9823154284063046,0.7397739255585278,0.24254150284777676
sphere_polar_c11_n_up_gamma_constant_d0p14_a0p7_m16_d128l4h2mlp512_700m_seed0_k21,n_plus_one,0.7,20,0.35,0.14,21,physics,0.9783078291166727,0.7360399514828515,0.24226787763382118
sphere_polar_c04_n_up_gamma_down_d0p12_a0p7_m16_d128l4h2mlp512_700m_seed0_k10,half,0.7,20,0.175,0.12,10,physics,0.9771612279043667,0.7364863002766743,0.24067492762769238
sphere_polar_c08_n_down_gamma_up_d0p14_a0p85_m16_d128l4h2mlp512_700m_seed0_k6,n_plus_one,0.85,5,0.7,0.14,6,physics,0.978924457959722,0.738639047957998,0.2402854100017241
sphere_polar_c05_n_up_gamma_down_d0p14_a0p95_m16_d128l4h2mlp512_700m_seed0_k21,n_plus_one,0.95,20,0.175,0.14,21,physics,0.9648194703756898,0.7252594090004523,0.23956006137523755
sphere_polar_c13_n_down_gamma_constant_d0p12_a0p5_m16_d128l4h2mlp512_700m_seed0_k1,fixed,0.5,5,0.35,0.12,1,physics,0.9893675059015351,0.7504267291295679,0.23894077677196723
sphere_polar_c00_base_d0p12_a0p5_m16_d128l4h2mlp512_700m_seed0_k1,fixed,0.5,10,0.35,0.12,1,physics,0.9917649745193787,0.752825192412456,0.23893978210692268
sphere_polar_c13_n_down_gamma_constant_d0p12_a0p7_m16_d128l4h2mlp512_700m_seed0_k6,n_plus_one,0.7,5,0.35,0.12,6,physics,0.9796828331874754,0.7411989699890822,0.2384838631983932
sphere_polar_c05_n_up_gamma_down_d0p14_a0p95_m16_d128l4h2mlp512_700m_seed0_k10,half,0.95,20,0.175,0.14,10,physics,0.9637207528894765,0.7252594090004523,0.23846134388902418
sphere_polar_c08_n_down_gamma_up_d0p14_a0p95_m16_d128l4h2mlp512_700m_seed0_k1,fixed,0.95,5,0.7,0.14,1,physics,0.9810421542936771,0.7427472644646618,0.23829488982901537
sphere_polar_c13_n_down_gamma_constant_d0p12_a0p85_m16_d128l4h2mlp512_700m_seed0_k2,half,0.85,5,0.35,0.12,2,physics,0.991612397277956,0.7541682821670177,0.23744411511093833
sphere_polar_c11_n_up_gamma_constant_d0p14_a0p85_m16_d128l4h2mlp512_700m_seed0_k21,n_plus_one,0.85,20,0.35,0.14,21,physics,0.9812794157544411,0.7445471756026236,0.23673224015181749
sphere_polar_c13_n_down_gamma_constant_d0p12_a0p95_m16_d128l4h2mlp512_700m_seed0_k2,half,0.95,5,0.35,0.12,2,physics,0.9891167574996838,0.7529918705294703,0.2361248869702135
sphere_polar_c04_n_up_gamma_down_d0p12_a0p7_m16_d128l4h2mlp512_700m_seed0_k21,n_plus_one,0.7,20,0.175,0.12,21,physics,0.9722942543095717,0.7364863002766743,0.23580795403289745
sphere_polar_c00_base_d0p12_a0p7_m16_d128l4h2mlp512_700m_seed0_k1,fixed,0.7,10,0.35,0.12,1,physics,0.9897469941247085,0.7540755793210665,0.23567141480364195
sphere_polar_c00_base_d0p12_a0p5_m16_d128l4h2mlp512_700m_seed0_k5,half,0.5,10,0.35,0.12,5,physics,0.9881355699415444,0.752825192412456,0.23531037752908834
sphere_polar_c04_n_up_gamma_down_d0p12_a0p5_m16_d128l4h2mlp512_700m_seed0_k10,half,0.5,20,0.175,0.12,10,physics,0.9741469074206285,0.7397739255585278,0.23437298186210065
sphere_polar_c08_n_down_gamma_up_d0p14_a0p7_m16_d128l4h2mlp512_700m_seed0_k6,n_plus_one,0.7,5,0.7,0.14,6,physics,0.9686640324534206,0.7345842987487798,0.23407973370464075
sphere_polar_c13_n_down_gamma_constant_d0p12_a0p85_m16_d128l4h2mlp512_700m_seed0_k1,fixed,0.85,5,0.35,0.12,1,physics,0.9877061120019656,0.7541682821670177,0.23353782983494786
sphere_polar_c08_n_down_gamma_up_d0p14_a0p95_m16_d128l4h2mlp512_700m_seed0_k6,n_plus_one,0.95,5,0.7,0.14,6,physics,0.9759653265066714,0.7427472644646618,0.23321806204200968
sphere_polar_c02_base_d0p14_a0p95_m16_d128l4h2mlp512_700m_seed0_k5,half,0.95,10,0.35,0.14,5,physics,0.9876103621662023,0.7549064168828412,0.23270394528336114
sphere_polar_c00_base_d0p12_a0p7_m16_d128l4h2mlp512_700m_seed0_k5,half,0.7,10,0.35,0.12,5,physics,0.9866252520667795,0.7540755793210665,0.23254967274571303
sphere_polar_c13_n_down_gamma_constant_d0p12_a0p5_m16_d128l4h2mlp512_700m_seed0_k6,n_plus_one,0.5,5,0.35,0.12,6,physics,0.9812981828130272,0.7504267291295679,0.2308714536834593
sphere_polar_c13_n_down_gamma_constant_d0p12_a0p95_m16_d128l4h2mlp512_700m_seed0_k1,fixed,0.95,5,0.35,0.12,1,physics,0.9837134825954008,0.7529918705294703,0.23072161206593056
sphere_polar_c11_n_up_gamma_constant_d0p14_a0p85_m16_d128l4h2mlp512_700m_seed0_k1,fixed,0.85,20,0.35,0.14,1,physics,0.9752194056382273,0.7445471756026236,0.23067223003560366
sphere_polar_c02_base_d0p14_a0p95_m16_d128l4h2mlp512_700m_seed0_k1,fixed,0.95,10,0.35,0.14,1,physics,0.9853791051185168,0.7549064168828412,0.23047268823567557
sphere_polar_c11_n_up_gamma_constant_d0p14_a0p85_m16_d128l4h2mlp512_700m_seed0_k10,half,0.85,20,0.35,0.14,10,physics,0.9749223630695738,0.7445471756026236,0.23037518746695018
sphere_polar_c04_n_up_gamma_down_d0p12_a0p5_m16_d128l4h2mlp512_700m_seed0_k21,n_plus_one,0.5,20,0.175,0.12,21,physics,0.9701137683819605,0.7397739255585278,0.23033984282343267
sphere_polar_c07_n_down_gamma_up_d0p12_a0p5_m16_d128l4h2mlp512_700m_seed0_k2,half,0.5,5,0.7,0.12,2,physics,0.9945329566261744,0.7665414745003418,0.22799148212583253
sphere_polar_c13_n_down_gamma_constant_d0p12_a0p85_m16_d128l4h2mlp512_700m_seed0_k6,n_plus_one,0.85,5,0.35,0.12,6,physics,0.98135381607051,0.7541682821670177,0.22718553390349228
sphere_polar_c07_n_down_gamma_up_d0p12_a0p7_m16_d128l4h2mlp512_700m_seed0_k2,half,0.7,5,0.7,0.12,2,physics,0.9931953754893057,0.7663843033816309,0.22681107210767482
sphere_polar_c04_n_up_gamma_down_d0p12_a0p85_m16_d128l4h2mlp512_700m_seed0_k1,fixed,0.85,20,0.175,0.12,1,physics,0.9805392852432734,0.7545315337228367,0.22600775152043673
sphere_polar_c00_base_d0p12_a0p5_m16_d128l4h2mlp512_700m_seed0_k11,n_plus_one,0.5,10,0.35,0.12,11,physics,0.9759288775266342,0.752825192412456,0.2231036851141781
sphere_polar_c07_n_down_gamma_up_d0p12_a0p7_m16_d128l4h2mlp512_700m_seed0_k1,fixed,0.7,5,0.7,0.12,1,physics,0.989349794202665,0.7663843033816309,0.22296549082103412
sphere_polar_c10_n_up_gamma_constant_d0p12_a0p5_m16_d128l4h2mlp512_700m_seed0_k21,n_plus_one,0.5,20,0.35,0.12,21,physics,0.9845140645109143,0.7620225040834104,0.22249156042750384
sphere_polar_c07_n_down_gamma_up_d0p12_a0p5_m16_d128l4h2mlp512_700m_seed0_k1,fixed,0.5,5,0.7,0.12,1,physics,0.9888595372623332,0.7665414745003418,0.2223180627619914
sphere_polar_c10_n_up_gamma_constant_d0p12_a0p5_m16_d128l4h2mlp512_700m_seed0_k10,half,0.5,20,0.35,0.12,10,physics,0.9840361044803436,0.7620225040834104,0.2220136003969332
sphere_polar_c00_base_d0p12_a0p7_m16_d128l4h2mlp512_700m_seed0_k11,n_plus_one,0.7,10,0.35,0.12,11,physics,0.9757326090377194,0.7540755793210665,0.2216570297166529
sphere_polar_c04_n_up_gamma_down_d0p12_a0p85_m16_d128l4h2mlp512_700m_seed0_k21,n_plus_one,0.85,20,0.175,0.12,21,physics,0.9745181932597172,0.7545315337228367,0.21998665953688057
sphere_polar_c10_n_up_gamma_constant_d0p12_a0p5_m16_d128l4h2mlp512_700m_seed0_k1,fixed,0.5,20,0.35,0.12,1,physics,0.9807877166846781,0.7620225040834104,0.2187652126012677
sphere_polar_c13_n_down_gamma_constant_d0p12_a0p95_m16_d128l4h2mlp512_700m_seed0_k6,n_plus_one,0.95,5,0.35,0.12,6,physics,0.9712173040686274,0.7529918705294703,0.21822543353915713
sphere_polar_c04_n_up_gamma_down_d0p12_a0p85_m16_d128l4h2mlp512_700m_seed0_k10,half,0.85,20,0.175,0.12,10,physics,0.9722747186817073,0.7545315337228367,0.21774318495887068
sphere_polar_c07_n_down_gamma_up_d0p12_a0p85_m16_d128l4h2mlp512_700m_seed0_k2,half,0.85,5,0.7,0.12,2,physics,0.9923130475443509,0.7749139564655773,0.21739909107877364
sphere_polar_c00_base_d0p12_a0p85_m16_d128l4h2mlp512_700m_seed0_k1,fixed,0.85,10,0.35,0.12,1,physics,0.9891974392054896,0.7719178133040985,0.21727962590139116
sphere_polar_c07_n_down_gamma_up_d0p12_a0p95_m16_d128l4h2mlp512_700m_seed0_k2,half,0.95,5,0.7,0.12,2,physics,0.9905357306529649,0.7747973161118857,0.21573841454107912
sphere_polar_c02_base_d0p14_a0p95_m16_d128l4h2mlp512_700m_seed0_k11,n_plus_one,0.95,10,0.35,0.14,11,physics,0.9698269195105615,0.7549064168828412,0.21492050262772033
sphere_polar_c00_base_d0p12_a0p85_m16_d128l4h2mlp512_700m_seed0_k5,half,0.85,10,0.35,0.12,5,physics,0.9867946800753586,0.7719178133040985,0.21487686677126017
sphere_polar_c07_n_down_gamma_up_d0p12_a0p85_m16_d128l4h2mlp512_700m_seed0_k1,fixed,0.85,5,0.7,0.12,1,physics,0.9875441013862306,0.7749139564655773,0.21263014492065335
sphere_polar_c10_n_up_gamma_constant_d0p12_a0p7_m16_d128l4h2mlp512_700m_seed0_k21,n_plus_one,0.7,20,0.35,0.12,21,physics,0.9833919437248297,0.7712685594974521,0.21212338422737764
sphere_polar_c07_n_down_gamma_up_d0p12_a0p7_m16_d128l4h2mlp512_700m_seed0_k6,n_plus_one,0.7,5,0.7,0.12,6,physics,0.9778724040023596,0.7663843033816309,0.21148810062072876
sphere_polar_c10_n_up_gamma_constant_d0p12_a0p7_m16_d128l4h2mlp512_700m_seed0_k10,half,0.7,20,0.35,0.12,10,physics,0.9819035850689235,0.7712685594974521,0.2106350255714714
sphere_polar_c11_n_up_gamma_constant_d0p14_a0p95_m16_d128l4h2mlp512_700m_seed0_k10,half,0.95,20,0.35,0.14,10,physics,0.9732823392217533,0.763850121645657,0.2094322175760963
sphere_polar_c11_n_up_gamma_constant_d0p14_a0p95_m16_d128l4h2mlp512_700m_seed0_k1,fixed,0.95,20,0.35,0.14,1,physics,0.9730696664244967,0.763850121645657,0.20921954477883964
sphere_polar_c07_n_down_gamma_up_d0p12_a0p95_m16_d128l4h2mlp512_700m_seed0_k1,fixed,0.95,5,0.7,0.12,1,physics,0.9832864376780284,0.7747973161118857,0.20848912156614263
sphere_polar_c11_n_up_gamma_constant_d0p14_a0p95_m16_d128l4h2mlp512_700m_seed0_k21,n_plus_one,0.95,20,0.35,0.14,21,physics,0.9717198073495864,0.763850121645657,0.20786968570392939
sphere_polar_c04_n_up_gamma_down_d0p12_a0p95_m16_d128l4h2mlp512_700m_seed0_k1,fixed,0.95,20,0.175,0.12,1,physics,0.9736703639297242,0.7668240062467333,0.20684635768299087
sphere_polar_c07_n_down_gamma_up_d0p12_a0p85_m16_d128l4h2mlp512_700m_seed0_k6,n_plus_one,0.85,5,0.7,0.12,6,physics,0.9815376867326477,0.7749139564655773,0.20662373026707048
sphere_polar_c10_n_up_gamma_constant_d0p12_a0p7_m16_d128l4h2mlp512_700m_seed0_k1,fixed,0.7,20,0.35,0.12,1,physics,0.9772953752497902,0.7712685594974521,0.20602681575233805
sphere_polar_c00_base_d0p12_a0p85_m16_d128l4h2mlp512_700m_seed0_k11,n_plus_one,0.85,10,0.35,0.12,11,physics,0.9772541155047865,0.7719178133040985,0.205336302200688
sphere_polar_c07_n_down_gamma_up_d0p12_a0p5_m16_d128l4h2mlp512_700m_seed0_k6,n_plus_one,0.5,5,0.7,0.12,6,physics,0.9714989792470441,0.7665414745003418,0.20495750474670227
sphere_polar_c04_n_up_gamma_down_d0p12_a0p95_m16_d128l4h2mlp512_700m_seed0_k10,half,0.95,20,0.175,0.12,10,physics,0.9709975922290016,0.7668240062467333,0.2041735859822683
sphere_polar_c04_n_up_gamma_down_d0p12_a0p95_m16_d128l4h2mlp512_700m_seed0_k21,n_plus_one,0.95,20,0.175,0.12,21,physics,0.9689283444179156,0.7668240062467333,0.20210433817118234
sphere_polar_c07_n_down_gamma_up_d0p12_a0p95_m16_d128l4h2mlp512_700m_seed0_k6,n_plus_one,0.95,5,0.7,0.12,6,physics,0.9758692531246899,0.7747973161118857,0.20107193701280413
sphere_polar_c12_n_down_gamma_constant_d0p1_a0p7_m16_d128l4h2mlp512_700m_seed0_k2,half,0.7,5,0.35,0.1,2,physics,0.9942692915238516,0.7966733368025761,0.19759595472127545
sphere_polar_c12_n_down_gamma_constant_d0p1_a0p5_m16_d128l4h2mlp512_700m_seed0_k2,half,0.5,5,0.35,0.1,2,physics,0.9946421106066534,0.7984387048321071,0.1962034057745463
sphere_polar_c12_n_down_gamma_constant_d0p1_a0p7_m16_d128l4h2mlp512_700m_seed0_k1,fixed,0.7,5,0.35,0.1,1,physics,0.9914010027288738,0.7966733368025761,0.19472766592629764
sphere_polar_c10_n_up_gamma_constant_d0p12_a0p85_m16_d128l4h2mlp512_700m_seed0_k21,n_plus_one,0.85,20,0.35,0.12,21,physics,0.9812278609743077,0.7865362542418248,0.19469160673248287
sphere_polar_c10_n_up_gamma_constant_d0p12_a0p85_m16_d128l4h2mlp512_700m_seed0_k10,half,0.85,20,0.35,0.12,10,physics,0.9811538656519135,0.7865362542418248,0.1946176114100887
sphere_polar_c12_n_down_gamma_constant_d0p1_a0p5_m16_d128l4h2mlp512_700m_seed0_k1,fixed,0.5,5,0.35,0.1,1,physics,0.9928516050172151,0.7984387048321071,0.19441290018510804
sphere_polar_c12_n_down_gamma_constant_d0p1_a0p85_m16_d128l4h2mlp512_700m_seed0_k2,half,0.85,5,0.35,0.1,2,physics,0.9926957094665436,0.7988347325517693,0.19386097691477433
sphere_polar_c10_n_up_gamma_constant_d0p12_a0p85_m16_d128l4h2mlp512_700m_seed0_k1,fixed,0.85,20,0.35,0.12,1,physics,0.9788745406817261,0.7865362542418248,0.19233828643990125
sphere_polar_c00_base_d0p12_a0p95_m16_d128l4h2mlp512_700m_seed0_k5,half,0.95,10,0.35,0.12,5,physics,0.9900162832697574,0.7977654820583571,0.19225080121140037
sphere_polar_c12_n_down_gamma_constant_d0p1_a0p85_m16_d128l4h2mlp512_700m_seed0_k1,fixed,0.85,5,0.35,0.1,1,physics,0.9909755806185345,0.7988347325517693,0.19214084806676524
sphere_polar_c03_n_up_gamma_down_d0p1_a0p5_m16_d128l4h2mlp512_700m_seed0_k1,fixed,0.5,20,0.175,0.1,1,physics,0.9800632057954353,0.7895666397385321,0.19049656605690313
sphere_polar_c00_base_d0p12_a0p95_m16_d128l4h2mlp512_700m_seed0_k1,fixed,0.95,10,0.35,0.12,1,physics,0.9879397710487274,0.7977654820583571,0.19017428899037037
sphere_polar_c03_n_up_gamma_down_d0p1_a0p7_m16_d128l4h2mlp512_700m_seed0_k10,half,0.7,20,0.175,0.1,10,physics,0.9819765902079797,0.7918489362219112,0.19012765398606846
sphere_polar_c01_base_d0p1_a0p5_m16_d128l4h2mlp512_700m_seed0_k1,fixed,0.5,10,0.35,0.1,1,physics,0.9934098562064924,0.8034157094083282,0.18999414679816418
sphere_polar_c03_n_up_gamma_down_d0p1_a0p5_m16_d128l4h2mlp512_700m_seed0_k10,half,0.5,20,0.175,0.1,10,physics,0.9790419431539035,0.7895666397385321,0.18947530341537133
sphere_polar_c12_n_down_gamma_constant_d0p1_a0p95_m16_d128l4h2mlp512_700m_seed0_k2,half,0.95,5,0.35,0.1,2,physics,0.9918328655071453,0.8031996480676207,0.18863321743952466
sphere_polar_c01_base_d0p1_a0p5_m16_d128l4h2mlp512_700m_seed0_k5,half,0.5,10,0.35,0.1,5,physics,0.9917864314885411,0.8034157094083282,0.18837072208021288
sphere_polar_c03_n_up_gamma_down_d0p1_a0p7_m16_d128l4h2mlp512_700m_seed0_k1,fixed,0.7,20,0.175,0.1,1,physics,0.9801876278231921,0.7918489362219112,0.18833869160128092
sphere_polar_c03_n_up_gamma_down_d0p1_a0p5_m16_d128l4h2mlp512_700m_seed0_k21,n_plus_one,0.5,20,0.175,0.1,21,physics,0.9757594527489462,0.7895666397385321,0.18619281301041402
sphere_polar_c12_n_down_gamma_constant_d0p1_a0p95_m16_d128l4h2mlp512_700m_seed0_k1,fixed,0.95,5,0.35,0.1,1,physics,0.9891367713436985,0.8031996480676207,0.1859371232760778
sphere_polar_c03_n_up_gamma_down_d0p1_a0p7_m16_d128l4h2mlp512_700m_seed0_k21,n_plus_one,0.7,20,0.175,0.1,21,physics,0.9775235644409921,0.7918489362219112,0.18567462821908087
sphere_polar_c01_base_d0p1_a0p7_m16_d128l4h2mlp512_700m_seed0_k1,fixed,0.7,10,0.35,0.1,1,physics,0.9923465179944753,0.8069775543779472,0.1853689636165281
sphere_polar_c01_base_d0p1_a0p7_m16_d128l4h2mlp512_700m_seed0_k5,half,0.7,10,0.35,0.1,5,physics,0.9919733761944867,0.8069775543779472,0.1849958218165395
sphere_polar_c12_n_down_gamma_constant_d0p1_a0p7_m16_d128l4h2mlp512_700m_seed0_k6,n_plus_one,0.7,5,0.35,0.1,6,physics,0.9797498283899357,0.7966733368025761,0.1830764915873596
sphere_polar_c03_n_up_gamma_down_d0p1_a0p85_m16_d128l4h2mlp512_700m_seed0_k10,half,0.85,20,0.175,0.1,10,physics,0.9831993659504563,0.8009168919333456,0.18228247401711073
sphere_polar_c06_n_down_gamma_up_d0p1_a0p5_m16_d128l4h2mlp512_700m_seed0_k2,half,0.5,5,0.7,0.1,2,physics,0.994457633925941,0.8135627108336714,0.18089492309226962
sphere_polar_c03_n_up_gamma_down_d0p1_a0p85_m16_d128l4h2mlp512_700m_seed0_k1,fixed,0.85,20,0.175,0.1,1,physics,0.9816848925925366,0.8009168919333456,0.18076800065919096
sphere_polar_c09_n_up_gamma_constant_d0p1_a0p5_m16_d128l4h2mlp512_700m_seed0_k10,half,0.5,20,0.35,0.1,10,physics,0.9885749856212702,0.8087253040021279,0.17984968161914228
sphere_polar_c12_n_down_gamma_constant_d0p1_a0p85_m16_d128l4h2mlp512_700m_seed0_k6,n_plus_one,0.85,5,0.35,0.1,6,physics,0.9785769714251689,0.7988347325517693,0.17974223887339957
sphere_polar_c00_base_d0p12_a0p95_m16_d128l4h2mlp512_700m_seed0_k11,n_plus_one,0.95,10,0.35,0.12,11,physics,0.9770764483185221,0.7977654820583571,0.17931096626016507
sphere_polar_c12_n_down_gamma_constant_d0p1_a0p5_m16_d128l4h2mlp512_700m_seed0_k6,n_plus_one,0.5,5,0.35,0.1,6,physics,0.9773592163110418,0.7984387048321071,0.17892051147893473
sphere_polar_c06_n_down_gamma_up_d0p1_a0p5_m16_d128l4h2mlp512_700m_seed0_k1,fixed,0.5,5,0.7,0.1,1,physics,0.9910318623913341,0.8135627108336714,0.17746915155766274
sphere_polar_c09_n_up_gamma_constant_d0p1_a0p5_m16_d128l4h2mlp512_700m_seed0_k1,fixed,0.5,20,0.35,0.1,1,physics,0.9861712388004061,0.8087253040021279,0.1774459347982782
sphere_polar_c01_base_d0p1_a0p85_m16_d128l4h2mlp512_700m_seed0_k5,half,0.85,10,0.35,0.1,5,physics,0.992719613023545,0.8160377746524496,0.1766818383710953
sphere_polar_c01_base_d0p1_a0p5_m16_d128l4h2mlp512_700m_seed0_k11,n_plus_one,0.5,10,0.35,0.1,11,physics,0.9800701093123663,0.8034157094083282,0.17665439990403808
sphere_polar_c12_n_down_gamma_constant_d0p1_a0p95_m16_d128l4h2mlp512_700m_seed0_k6,n_plus_one,0.95,5,0.35,0.1,6,physics,0.9795648169852842,0.8031996480676207,0.17636516891766352
sphere_polar_c06_n_down_gamma_up_d0p1_a0p7_m16_d128l4h2mlp512_700m_seed0_k2,half,0.7,5,0.7,0.1,2,physics,0.9935122322626762,0.8178153923962157,0.17569683986646045
sphere_polar_c09_n_up_gamma_constant_d0p1_a0p5_m16_d128l4h2mlp512_700m_seed0_k21,n_plus_one,0.5,20,0.35,0.1,21,physics,0.9840614227821523,0.8087253040021279,0.1753361187800243
sphere_polar_c10_n_up_gamma_constant_d0p12_a0p95_m16_d128l4h2mlp512_700m_seed0_k10,half,0.95,20,0.35,0.12,10,physics,0.979114059297415,0.8044588346481776,0.17465522464923744
sphere_polar_c01_base_d0p1_a0p85_m16_d128l4h2mlp512_700m_seed0_k1,fixed,0.85,10,0.35,0.1,1,physics,0.9900540147695497,0.8160377746524496,0.17401624011710004
sphere_polar_c03_n_up_gamma_down_d0p1_a0p85_m16_d128l4h2mlp512_700m_seed0_k21,n_plus_one,0.85,20,0.175,0.1,21,physics,0.9745002929471741,0.8009168919333456,0.17358340101382852
sphere_polar_c06_n_down_gamma_up_d0p1_a0p7_m16_d128l4h2mlp512_700m_seed0_k1,fixed,0.7,5,0.7,0.1,1,physics,0.990847987911122,0.8178153923962157,0.17303259551490635
sphere_polar_c01_base_d0p1_a0p7_m16_d128l4h2mlp512_700m_seed0_k11,n_plus_one,0.7,10,0.35,0.1,11,physics,0.9792594932877741,0.8069775543779472,0.1722819389098269
sphere_polar_c09_n_up_gamma_constant_d0p1_a0p7_m16_d128l4h2mlp512_700m_seed0_k10,half,0.7,20,0.35,0.1,10,physics,0.9865602424842552,0.8144637593178374,0.1720964831664178
sphere_polar_c06_n_down_gamma_up_d0p1_a0p85_m16_d128l4h2mlp512_700m_seed0_k2,half,0.85,5,0.7,0.1,2,physics,0.9932084954010709,0.8214017469413915,0.17180674845967947
sphere_polar_c09_n_up_gamma_constant_d0p1_a0p7_m16_d128l4h2mlp512_700m_seed0_k1,fixed,0.7,20,0.35,0.1,1,physics,0.9862604611008978,0.8144637593178374,0.1717967017830604
sphere_polar_c10_n_up_gamma_constant_d0p12_a0p95_m16_d128l4h2mlp512_700m_seed0_k1,fixed,0.95,20,0.35,0.12,1,physics,0.9748835309751853,0.8044588346481776,0.17042469632700774
sphere_polar_c06_n_down_gamma_up_d0p1_a0p85_m16_d128l4h2mlp512_700m_seed0_k1,fixed,0.85,5,0.7,0.1,1,physics,0.9896116154963164,0.8214017469413915,0.16820986855492492
sphere_polar_c06_n_down_gamma_up_d0p1_a0p95_m16_d128l4h2mlp512_700m_seed0_k2,half,0.95,5,0.7,0.1,2,physics,0.9915524194014769,0.8235466041748382,0.1680058152266387
sphere_polar_c10_n_up_gamma_constant_d0p12_a0p95_m16_d128l4h2mlp512_700m_seed0_k21,n_plus_one,0.95,20,0.35,0.12,21,physics,0.9722138221034236,0.8044588346481776,0.16775498745524597
sphere_polar_c06_n_down_gamma_up_d0p1_a0p5_m16_d128l4h2mlp512_700m_seed0_k6,n_plus_one,0.5,5,0.7,0.1,6,physics,0.9793526894238511,0.8135627108336714,0.16578997859017974
sphere_polar_c06_n_down_gamma_up_d0p1_a0p7_m16_d128l4h2mlp512_700m_seed0_k6,n_plus_one,0.7,5,0.7,0.1,6,physics,0.982857070579339,0.8178153923962157,0.16504167818312332
sphere_polar_c06_n_down_gamma_up_d0p1_a0p95_m16_d128l4h2mlp512_700m_seed0_k1,fixed,0.95,5,0.7,0.1,1,physics,0.9877018001363235,0.8235466041748382,0.1641551959614853
sphere_polar_c01_base_d0p1_a0p85_m16_d128l4h2mlp512_700m_seed0_k11,n_plus_one,0.85,10,0.35,0.1,11,physics,0.9796387402382827,0.8160377746524496,0.16360096558583304
sphere_polar_c03_n_up_gamma_down_d0p1_a0p95_m16_d128l4h2mlp512_700m_seed0_k10,half,0.95,20,0.175,0.1,10,physics,0.9791199582535776,0.8158089310853063,0.16331102716827128
sphere_polar_c09_n_up_gamma_constant_d0p1_a0p7_m16_d128l4h2mlp512_700m_seed0_k21,n_plus_one,0.7,20,0.35,0.1,21,physics,0.9775412724280863,0.8144637593178374,0.16307751311024887
sphere_polar_c03_n_up_gamma_down_d0p1_a0p95_m16_d128l4h2mlp512_700m_seed0_k1,fixed,0.95,20,0.175,0.1,1,physics,0.9788519497652571,0.8158089310853063,0.16304301867995086
sphere_polar_c06_n_down_gamma_up_d0p1_a0p85_m16_d128l4h2mlp512_700m_seed0_k6,n_plus_one,0.85,5,0.7,0.1,6,physics,0.9819501593055993,0.8214017469413915,0.1605484123642078
sphere_polar_c09_n_up_gamma_constant_d0p1_a0p85_m16_d128l4h2mlp512_700m_seed0_k1,fixed,0.85,20,0.35,0.1,1,physics,0.9834215301860212,0.8253958622690922,0.15802566791692896
sphere_polar_c06_n_down_gamma_up_d0p1_a0p95_m16_d128l4h2mlp512_700m_seed0_k6,n_plus_one,0.95,5,0.7,0.1,6,physics,0.9811992660417542,0.8235466041748382,0.15765266186691607
sphere_polar_c09_n_up_gamma_constant_d0p1_a0p85_m16_d128l4h2mlp512_700m_seed0_k10,half,0.85,20,0.35,0.1,10,physics,0.9821879378343833,0.8253958622690922,0.15679207556529107
sphere_polar_c01_base_d0p1_a0p95_m16_d128l4h2mlp512_700m_seed0_k5,half,0.95,10,0.35,0.1,5,physics,0.9928885566742449,0.8396020521841483,0.15328650449009662
sphere_polar_c09_n_up_gamma_constant_d0p1_a0p85_m16_d128l4h2mlp512_700m_seed0_k21,n_plus_one,0.85,20,0.35,0.1,21,physics,0.9763342621789544,0.8253958622690922,0.15093839990986213
sphere_polar_c01_base_d0p1_a0p95_m16_d128l4h2mlp512_700m_seed0_k1,fixed,0.95,10,0.35,0.1,1,physics,0.9877654103533433,0.8396020521841483,0.14816335816919501
sphere_polar_c03_n_up_gamma_down_d0p1_a0p95_m16_d128l4h2mlp512_700m_seed0_k21,n_plus_one,0.95,20,0.175,0.1,21,physics,0.9626715200236491,0.8158089310853063,0.1468625889383428
sphere_polar_c09_n_up_gamma_constant_d0p1_a0p95_m16_d128l4h2mlp512_700m_seed0_k10,half,0.95,20,0.35,0.1,10,physics,0.981311236537395,0.8354555619050804,0.14585567463231464
sphere_polar_c09_n_up_gamma_constant_d0p1_a0p95_m16_d128l4h2mlp512_700m_seed0_k1,fixed,0.95,20,0.35,0.1,1,physics,0.9806339404329665,0.8354555619050804,0.14517837852788607
sphere_polar_c09_n_up_gamma_constant_d0p1_a0p95_m16_d128l4h2mlp512_700m_seed0_k21,n_plus_one,0.95,20,0.35,0.1,21,physics,0.979170978770305,0.8354555619050804,0.1437154168652246
sphere_polar_c01_base_d0p1_a0p95_m16_d128l4h2mlp512_700m_seed0_k11,n_plus_one,0.95,10,0.35,0.1,11,physics,0.9815396454270084,0.8396020521841483,0.14193759324286015
