system,delta_v,damping_field,damping_value,dt,n_steps,pass_rate,mean_lyapunov,mean_bayes_gap
pendulum_mess4,0.7000,gamma,0.3000,0.2000,10,100%,-0.132,0.403
pendulum_mess4,0.7000,gamma,0.3000,0.2000,15,100%,-0.142,0.208
pendulum_mess4,0.7000,gamma,0.3000,0.2000,20,100%,-0.144,0.171
pendulum_mess4,1.2000,gamma,0.8000,0.2000,10,100%,-1.417,0.400
pendulum_mess4,1.2000,gamma,0.8000,0.2000,15,100%,-9.863,0.219
pendulum_mess4,1.2000,gamma,0.8000,0.2000,20,100%,-10.154,0.170
pendulum_mess4,1.2000,gamma,1.0000,0.2000,10,100%,-10.113,0.351
pendulum_mess4,1.2000,gamma,1.0000,0.2000,15,100%,-13.637,0.206
pendulum_mess4,1.2000,gamma,1.0000,0.2000,20,100%,-10.184,0.153
pendulum_mess4,1.0000,gamma,0.8000,0.2000,10,100%,-2.043,0.350
pendulum_mess4,1.0000,gamma,0.8000,0.2000,15,100%,-11.278,0.195
pendulum_mess4,0.7000,gamma,0.5000,0.2000,5,90%,-0.223,0.644
pendulum_mess4,0.7000,gamma,0.5000,0.2000,10,100%,-0.249,0.330
pendulum_mess4,0.7000,gamma,0.5000,0.2000,15,100%,-0.395,0.175
pendulum_mess4,1.0000,gamma,1.0000,0.2000,5,100%,-0.473,0.655
pendulum_mess4,1.0000,gamma,1.0000,0.2000,10,100%,-9.664,0.313
pendulum_mess4,1.0000,gamma,1.0000,0.2000,15,100%,-13.536,0.182
pendulum_mess4,0.4000,gamma,0.3000,0.2000,5,100%,-0.149,0.530
pendulum_mess4,0.4000,gamma,0.3000,0.2000,10,100%,-0.146,0.297
pendulum_mess4,0.7000,gamma,0.8000,0.2000,5,100%,-0.394,0.539
pendulum_mess4,0.7000,gamma,0.8000,0.2000,10,100%,-0.756,0.264
pendulum_mess4,0.3000,gamma,0.3000,0.2000,5,100%,-0.159,0.453
pendulum_mess4,0.3000,gamma,0.3000,0.2000,10,100%,-0.148,0.252
pendulum_mess4,0.7000,gamma,1.0000,0.2000,5,100%,-0.492,0.505
pendulum_mess4,0.7000,gamma,1.0000,0.2000,10,100%,-7.501,0.236