protocol,path,after_token,below_one_bin_through_remainder,same_token_through_remainder,terminal_theta_spread,terminal_xyz_diameter
shared_future_kicks,1,20,458,1245,4.709729467533563e-08,0.18764328209664885
shared_future_kicks,1,160,453,1835,1.676037832964994e-07,0.14689961073677194
shared_future_kicks,1,320,446,1675,5.8623229715060177e-08,0.12788683135415585
shared_future_kicks,1,480,436,1515,7.742178192993165e-08,0.09661919925632792
shared_future_kicks,2,20,431,1177,5.863370095005038e-08,0.13939440720146032
shared_future_kicks,2,160,428,1037,1.0155507490505755e-08,0.1251463121184068
shared_future_kicks,2,320,462,1001,6.944926889129732e-08,0.12223418464051734
shared_future_kicks,2,480,444,1092,9.97078424824771e-08,0.11359510226448218
shared_future_kicks,3,20,502,1431,3.2333015265173515e-08,0.1901867930042092
shared_future_kicks,3,160,494,1229,1.1052228965358069e-07,0.13477238251967694
shared_future_kicks,3,320,397,1131,9.098616160496675e-08,0.13647864239185373
shared_future_kicks,3,480,441,971,5.2469775635444194e-08,0.09900849959157182
shared_future_kicks,4,20,437,1120,1.0240270142958252e-07,0.09900761305045187
shared_future_kicks,4,160,373,885,6.498665150456162e-08,0.12204962796331914
shared_future_kicks,4,320,467,1514,1.280987498852859e-07,0.14911322231509352
shared_future_kicks,4,480,417,1022,9.293752717409731e-08,0.10874604842649963
no_later_kicks,1,20,446,574,7.041390126527602e-08,0.14628974855715537
no_later_kicks,1,160,442,586,2.2692217549469262e-08,0.10678624044414045
no_later_kicks,1,320,431,509,1.0587548004981073e-08,0.12828158339662746
no_later_kicks,1,480,431,560,1.754239870033203e-08,0.11395224187469856
no_later_kicks,2,20,445,546,4.563277106184316e-08,0.1453021922378774
no_later_kicks,2,160,418,455,8.84461651695645e-08,0.1283215080806866
no_later_kicks,2,320,430,507,1.0569101910329337e-07,0.11977134719914062
no_later_kicks,2,480,431,444,9.149731927671212e-08,0.13205044547259298
no_later_kicks,3,20,461,575,1.650145575737838e-08,0.14528894412084908
no_later_kicks,3,160,434,499,3.150665550677445e-08,0.13960093990063563
no_later_kicks,3,320,422,500,2.8498144455380015e-08,0.14010447142826296
no_later_kicks,3,480,408,535,5.7887112880905534e-08,0.11864680709118453
no_later_kicks,4,20,447,574,1.3067927301380067e-07,0.1477709611577694
no_later_kicks,4,160,406,500,8.659431782742644e-08,0.13417969186931916
no_later_kicks,4,320,460,574,1.435874701360973e-07,0.14585097364186328
no_later_kicks,4,480,432,484,9.663549649374659e-08,0.12647703043658298
